<?xml version="1.0" encoding="UTF-8"?>
<root>
  <commands>
    <command1 value="" />
    <command2 value="" />
    <command3 value="" />
    <command4 value="" />
    <command5 value="" />
    <command6 value="" />
    <command7 value="" />
    <command8 value="" />
    <command9 value="" />
    <command10 value="" />
    <command11 value="" />
    <command12 value="" />
    <command13 value="" />
    <command14 value="" />
    <command15 value="" />
    <command16 value="" />
    <command17 value="" />
    <command18 value="" />
    <command19 value="" />
    <command20 value="" />
    <command21 value="" />
    <command22 value="" />
    <command23 value="" />
    <command24 value="" />
    <command25 value="" />
    <command26 value="" />
    <command27 value="" />
    <command28 value="" />
    <command29 value="" />
    <command30 value="" />
    <command31 value="" />
    <command32 value="" />
    <command33 value="" />
    <command34 value="" />
    <command35 value="" />
    <command36 value="" />
    <command37 value="" />
    <command38 value="" />
    <command39 value="" />
    <command40 value="" />
    <command41 value="" />
    <command42 value="" />
    <command43 value="" />
    <command44 value="" />
    <command45 value="" />
    <command46 value="" />
    <command47 value="" />
    <command48 value="" />
    <command49 value="" />
    <command50 value="" />
    <command51 value="" />
    <command52 value="" />
    <command53 value="" />
    <command54 value="" />
    <command55 value="" />
    <command56 value="" />
    <command57 value="" />
    <command58 value="" />
    <command59 value="" />
    <command60 value="" />
    <command61 value="" />
    <command62 value="" />
    <command63 value="" />
    <command64 value="" />
    <command65 value="" />
    <command66 value="" />
    <command67 value="" />
    <command68 value="" />
    <command69 value="" />
    <command70 value="" />
    <command71 value="" />
    <command72 value="" />
    <command73 value="" />
    <command74 value="" />
    <command75 value="" />
    <command76 value="" />
    <command77 value="" />
    <command78 value="" />
    <command79 value="" />
    <command80 value="" />
    <command81 value="" />
    <command82 value="" />
    <command83 value="" />
    <command84 value="" />
    <command85 value="" />
    <command86 value="" />
    <command87 value="" />
    <command88 value="" />
    <command89 value="" />
    <command90 value="" />
    <command91 value="" />
    <command92 value="" />
    <command93 value="" />
    <command94 value="" />
    <command95 value="" />
    <command96 value="" />
    <command97 value="" />
    <command98 value="" />
    <command99 value="" />
    <command100 value="" />
  </commands>
</root>